,Monitoring Indicators(Light Signal),Monitoring indicators(Total Score),Composite Leading Index(point),Trend-adjusted Leading Index(point),Composite Coincident Index(point),Trend-adjusted Coincident Index(point),Composite Lagging Index(point),Trend-adjusted Lagging Index(point)
,Actual Number,Actual Number,Actual Number,Actual Number,Actual Number,Actual Number,Actual Number,Actual Number
1982-01,,,12.26,99.84,13.1,106.67,13.1,106.68
1982-02,,,12.32,99.42,12.86,103.83,13.34,107.69
1982-03,,,12.36,98.91,12.66,101.33,13.45,107.68
1982-04,,,12.36,98.07,12.51,99.24,13.48,106.96
1982-05,,,12.33,97,12.4,97.56,13.46,105.87
1982-06,,,12.28,95.82,12.35,96.31,13.41,104.64
1982-07,,,12.23,94.6,12.35,95.49,13.34,103.2
1982-08,,,12.21,93.58,12.4,95.03,13.23,101.45
1982-09,,,12.22,92.9,12.48,94.87,13.07,99.37
1982-10,,,12.31,92.74,12.59,94.84,12.89,97.1
1982-11,,,12.49,93.3,12.72,94.99,12.68,94.72
1982-12,,,12.78,94.65,12.88,95.32,12.49,92.47
1983-01,,,13.17,96.65,13.05,95.77,12.36,90.68
1983-02,,,13.59,98.87,13.25,96.38,12.32,89.61
1983-03,,,14.02,101.06,13.44,96.92,12.4,89.43
1983-04,,,14.44,103.17,13.67,97.72,12.57,89.87
1983-05,,,14.78,104.73,13.94,98.78,12.81,90.73
1983-06,,,15,105.36,14.23,99.96,13.07,91.79
1983-07,,,15.08,105.03,14.51,101.02,13.34,92.92
1983-08,,,15.04,103.81,14.76,101.92,13.61,93.99
1983-09,,,15.06,103.12,14.99,102.64,13.87,94.94
1983-10,,,15.18,103.04,15.2,103.2,14.11,95.77
1983-11,,,15.33,103.24,15.42,103.81,14.33,96.46
1983-12,,,15.51,103.61,15.65,104.52,14.54,97.13
1984-01,,42,15.73,104.21,15.9,105.34,14.79,98
1984-02,,39,15.97,105.02,16.12,105.99,15.13,99.5
1984-03,,37,16.19,105.62,16.3,106.39,15.52,101.29
1984-04,,34,16.32,105.7,16.43,106.43,15.89,102.91
1984-05,,37,16.34,105.06,16.52,106.19,16.21,104.2
1984-06,,30,16.25,103.75,16.55,105.65,16.48,105.18
1984-07,,30,16.11,102.1,16.53,104.75,16.71,105.94
1984-08,,27,15.95,100.4,16.45,103.53,16.92,106.53
1984-09,,25,15.82,98.92,16.33,102.11,17.11,106.97
1984-10,,28,15.76,97.86,16.21,100.67,17.26,107.17
1984-11,,21,15.76,97.2,16.1,99.31,17.35,107.02
1984-12,,21,15.81,96.84,16.01,98.05,17.39,106.51
1985-01,,16,15.86,96.5,15.93,96.88,17.39,105.8
1985-02,,19,15.82,95.55,15.82,95.59,17.41,105.18
1985-03,,14,15.68,94.08,15.65,93.9,17.48,104.9
1985-04,,14,15.49,92.3,15.49,92.26,17.56,104.61
1985-05,,14,15.29,90.42,15.35,90.79,17.61,104.18
1985-06,,12,15.12,88.75,15.26,89.58,17.62,103.47
1985-07,,12,15.03,87.61,15.21,88.64,17.56,102.34
1985-08,,13,15.09,87.26,15.26,88.24,17.48,101.08
1985-09,,14,15.28,87.7,15.42,88.48,17.4,99.85
1985-10,,15,15.62,88.92,15.7,89.37,17.33,98.63
1985-11,,15,16.06,90.71,16.11,90.95,17.26,97.46
1985-12,,22,16.57,92.82,16.62,93.05,17.22,96.43
1986-01,,21,17.09,94.89,17.17,95.35,17.22,95.65
1986-02,,19,17.51,96.46,17.68,97.35,17.27,95.14
1986-03,,33,17.81,97.27,18.09,98.79,17.38,94.9
1986-04,,28,17.99,97.37,18.42,99.73,17.56,95.08
1986-05,,29,18.07,97.02,18.72,100.48,17.75,95.27
1986-06,,37,18.12,96.46,19,101.1,17.91,95.31
1986-07,,34,18.16,95.86,19.25,101.57,18.04,95.21
1986-08,,39,18.25,95.52,19.46,101.82,18.17,95.1
1986-09,,36,18.41,95.56,19.7,102.25,18.32,95.07
1986-10,,36,18.65,96,20,102.96,18.49,95.19
1986-11,,38,18.95,96.77,20.32,103.77,18.7,95.49
1986-12,,37,19.27,97.65,20.63,104.52,18.92,95.87
1987-01,,36,19.61,98.61,20.89,105.07,19.16,96.33
1987-02,,40,19.93,99.49,21.1,105.32,19.42,96.96
1987-03,,32,20.22,100.19,21.23,105.2,19.71,97.7
1987-04,,41,20.48,100.79,21.28,104.75,20.01,98.46
1987-05,,39,20.71,101.24,21.31,104.16,20.3,99.23
1987-06,,38,20.9,101.5,21.32,103.58,20.57,99.9
1987-07,,34,21.03,101.51,21.36,103.1,20.79,100.37
1987-08,,36,21.07,101.14,21.4,102.72,20.95,100.54
1987-09,,37,21.08,100.61,21.44,102.34,21.04,100.39
1987-10,,31,21.06,99.97,21.47,101.93,21.08,100.06
1987-11,,35,21.04,99.39,21.5,101.55,21.1,99.67
1987-12,,32,21.11,99.2,21.52,101.16,21.13,99.32
1988-01,,29,21.27,99.51,21.53,100.72,21.2,99.18
1988-02,,33,21.52,100.21,21.53,100.26,21.14,98.47
1988-03,,28,21.81,101.17,21.51,99.75,21.11,97.88
1988-04,,27,22.15,102.33,21.52,99.4,21.09,97.4
1988-05,,31,22.5,103.52,21.57,99.23,21.11,97.14
1988-06,,30,22.8,104.53,21.63,99.15,21.18,97.1
1988-07,,30,23.03,105.22,21.71,99.19,21.3,97.31
1988-08,,31,23.12,105.26,21.8,99.26,21.46,97.74
1988-09,,28,23.1,104.85,21.89,99.38,21.66,98.31
1988-10,,29,23.03,104.24,22.01,99.62,21.88,99.01
1988-11,,33,22.97,103.68,22.15,99.95,22.1,99.71
1988-12,,32,22.91,103.1,22.28,100.25,22.29,100.29
1989-01,,36,22.87,102.66,22.37,100.41,22.45,100.76
1989-02,,34,22.87,102.39,22.47,100.6,22.57,101.04
1989-03,,40,22.89,102.23,22.57,100.82,22.66,101.17
1989-04,,39,22.92,102.14,22.65,100.9,22.75,101.38
1989-05,,34,22.97,102.13,22.67,100.78,22.9,101.79
1989-06,,30,23.04,102.2,22.65,100.46,23.09,102.43
1989-07,,32,23.1,102.23,22.6,100.02,23.31,103.18
1989-08,,27,23.07,101.91,22.5,99.38,23.51,103.85
1989-09,,24,23.02,101.45,22.37,98.6,23.7,104.46
1989-10,,25,22.97,101.03,22.23,97.79,23.86,104.94
1989-11,,24,22.95,100.74,22.13,97.14,23.97,105.19
1989-12,,25,22.96,100.57,22.07,96.66,24.01,105.15
1990-01,,23,22.98,100.44,22.04,96.29,23.95,104.68
1990-02,,27,22.96,100.11,22.04,96.08,23.8,103.75
1990-03,,21,22.82,99.28,22.06,95.97,23.56,102.51
1990-04,,20,22.56,97.89,22.09,95.85,23.31,101.17
1990-05,,17,22.2,96.11,22.14,95.83,23.02,99.67
1990-06,,14,21.77,94.02,22.24,96.02,22.73,98.13
1990-07,,17,21.32,91.83,22.38,96.38,22.45,96.66
1990-08,,17,20.94,89.91,22.53,96.76,22.2,95.33
1990-09,,18,20.67,88.5,22.69,97.15,22.02,94.31
1990-10,,21,20.56,87.79,22.81,97.38,21.94,93.68
1990-11,,20,20.64,87.83,22.9,97.45,21.99,93.59
1990-12,,15,20.83,88.37,22.96,97.43,22.2,94.18
1991-01,,20,21.13,89.34,23.04,97.43,22.52,95.23
1991-02,,19,21.52,90.7,23.15,97.58,22.83,96.2
1991-03,,19,22.01,92.44,23.34,98.05,22.96,96.44
1991-04,,20,22.55,94.38,23.62,98.84,22.97,96.13
1991-05,,23,23.07,96.21,23.94,99.87,22.92,95.58
1991-06,,24,23.54,97.81,24.3,100.97,22.86,95.02
1991-07,,29,23.94,99.15,24.6,101.86,22.81,94.44
1991-08,,27,24.28,100.16,24.85,102.51,22.79,94.02
1991-09,,27,24.55,100.91,25.03,102.89,22.86,93.99
1991-10,,30,24.75,101.36,25.11,102.83,23.05,94.4
1991-11,,30,24.88,101.56,25.12,102.51,23.34,95.24
1991-12,,28,24.98,101.57,25.09,102.05,23.71,96.43
1992-01,,29,25.06,101.53,25.05,101.51,24.1,97.66
1992-02,,29,25.12,101.43,25.03,101.05,24.4,98.49
1992-03,,28,25.18,101.31,25.05,100.76,24.65,99.15
1992-04,,28,25.24,101.16,25.11,100.64,24.87,99.7
1992-05,,24,25.26,100.89,25.13,100.37,25.08,100.19
1992-06,,25,25.23,100.42,25.13,100.01,25.27,100.58
1992-07,,25,25.14,99.71,25.1,99.56,25.43,100.85
1992-08,,25,25.01,98.83,25.05,99.02,25.57,101.07
1992-09,,22,24.88,98,24.98,98.36,25.72,101.28
1992-10,,25,24.81,97.36,24.93,97.81,25.88,101.55
1992-11,,21,24.77,96.87,24.91,97.4,26.06,101.92
1992-12,,24,24.77,96.51,24.95,97.22,26.24,102.24
1993-01,,19,24.84,96.42,25.05,97.26,26.37,102.37
1993-02,,23,25,96.69,25.19,97.42,26.42,102.17
1993-03,,24,25.21,97.14,25.33,97.6,26.38,101.64
1993-04,,20,25.43,97.63,25.45,97.68,26.32,101.04
1993-05,,20,25.61,97.93,25.57,97.78,26.29,100.53
1993-06,,17,25.74,98.06,25.69,97.87,26.28,100.1
1993-07,,21,25.86,98.14,25.82,97.97,26.28,99.74
1993-08,,22,25.99,98.25,25.91,97.94,26.36,99.65
1993-09,,23,26.14,98.41,25.97,97.77,26.53,99.88
1993-10,,24,26.31,98.66,26.05,97.67,26.76,100.34
1993-11,,21,26.52,99.03,26.16,97.7,27.02,100.92
1993-12,,27,26.76,99.52,26.34,97.96,27.29,101.49
1994-01,,32,27,99.99,26.56,98.38,27.52,101.92
1994-02,,29,27.21,100.36,26.81,98.88,27.67,102.07
1994-03,,26,27.42,100.72,27.06,99.39,27.69,101.7
1994-04,,30,27.67,101.2,27.3,99.85,27.63,101.07
1994-05,,30,27.98,101.92,27.51,100.19,27.58,100.45
1994-06,,32,28.35,102.85,27.65,100.3,27.54,99.91
1994-07,,30,28.75,103.86,27.79,100.4,27.54,99.48
1994-08,,33,29.12,104.76,27.98,100.65,27.75,99.82
1994-09,,34,29.43,105.43,28.24,101.15,27.97,100.18
1994-10,,36,29.63,105.7,28.54,101.82,28.18,100.55
1994-11,,39,29.67,105.44,28.85,102.5,28.39,100.88
1994-12,,31,29.59,104.72,29.12,103.05,28.57,101.13
1995-01,,30,29.41,103.67,29.34,103.43,28.72,101.23
1995-02,,34,29.21,102.56,29.52,103.66,28.85,101.3
1995-03,,30,28.99,101.39,29.56,103.41,28.97,101.34
1995-04,,29,28.76,100.2,29.54,102.94,29.12,101.45
1995-05,,28,28.54,99.06,29.46,102.27,29.29,101.68
1995-06,,25,28.32,97.91,29.32,101.38,29.5,101.99
1995-07,,23,28.06,96.66,29.13,100.33,29.7,102.32
1995-08,,21,27.78,95.33,28.92,99.25,29.89,102.57
1995-09,,22,27.44,93.83,28.74,98.27,30.03,102.68
1995-10,,15,27.08,92.24,28.63,97.5,30.17,102.76
1995-11,,13,26.74,90.74,28.55,96.87,30.31,102.85
1995-12,,16,26.49,89.52,28.52,96.39,30.44,102.9
1996-01,,18,26.35,88.73,28.55,96.14,30.55,102.88
1996-02,,18,26.4,88.53,28.62,95.99,30.61,102.65
1996-03,,13,26.64,89.01,28.74,96.01,30.55,102.08
1996-04,,21,27.05,90,28.88,96.11,30.37,101.06
1996-05,,15,27.56,91.33,29.06,96.32,30.09,99.71
1996-06,,17,28.11,92.77,29.3,96.71,29.75,98.18
1996-07,,19,28.65,94.16,29.56,97.17,29.4,96.63
1996-08,,20,29.14,95.4,29.86,97.75,29.07,95.15
1996-09,,24,29.62,96.55,30.19,98.42,28.79,93.86
1996-10,,22,30.07,97.6,30.53,99.1,28.61,92.89
1996-11,,26,30.51,98.6,30.86,99.75,28.57,92.36
1996-12,,28,30.97,99.67,31.16,100.29,28.69,92.33
1997-01,,26,31.46,100.84,31.4,100.63,28.93,92.7
1997-02,,24,32,102.13,31.57,100.76,29.22,93.24
1997-03,,31,32.52,103.32,31.69,100.71,29.41,93.46
1997-04,,24,32.91,104.14,31.77,100.53,29.61,93.67
1997-05,,24,33.21,104.63,31.85,100.34,29.86,94.07
1997-06,,28,33.43,104.87,31.94,100.19,30.21,94.78
1997-07,,30,33.59,104.92,32.09,100.23,30.67,95.78
1997-08,,26,33.68,104.73,32.29,100.41,31.23,97.13
1997-09,,31,33.66,104.22,32.54,100.77,31.91,98.81
1997-10,,26,33.52,103.34,32.79,101.08,32.67,100.73
1997-11,,28,33.29,102.19,32.96,101.18,33.46,102.71
1997-12,,29,33,100.86,33.02,100.93,34.22,104.59
1998-01,,23,32.66,99.38,32.98,100.37,34.86,106.07
1998-02,,27,32.29,97.83,32.93,99.77,35.29,106.93
1998-03,,25,31.9,96.24,32.79,98.92,35.58,107.33
1998-04,,20,31.52,94.65,32.65,98.06,35.73,107.3
1998-05,,19,31.16,93.17,32.56,97.35,35.76,106.92
1998-06,,20,30.91,92.01,32.53,96.83,35.69,106.22
1998-07,,16,30.84,91.37,32.59,96.56,35.55,105.32
1998-08,,22,30.92,91.19,32.75,96.59,35.36,104.3
1998-09,,18,31.13,91.4,32.92,96.66,35.18,103.27
1998-10,,16,31.45,91.91,33.08,96.67,35.01,102.31
1998-11,,19,31.92,92.85,33.26,96.73,34.87,101.42
1998-12,,14,32.56,94.28,33.47,96.91,34.74,100.57
1999-01,,18,33.36,96.13,33.76,97.3,34.58,99.66
1999-02,,17,34.18,98.06,34.19,98.07,34.38,98.62
1999-03,,16,35.01,99.96,34.63,98.88,34.14,97.49
1999-04,,20,35.76,101.66,35.01,99.53,33.94,96.48
1999-05,,22,36.43,103.09,35.32,99.95,33.86,95.83
1999-06,,25,36.94,104.09,35.53,100.11,33.93,95.61
1999-07,,24,37.31,104.7,35.67,100.1,34.11,95.72
1999-08,,23,37.61,105.11,35.8,100.04,34.4,96.14
1999-09,,19,37.9,105.5,35.99,100.18,34.79,96.84
1999-10,,26,38.23,106.02,36.39,100.92,35.25,97.76
1999-11,,26,38.61,106.68,36.92,102.01,35.84,99.02
1999-12,,28,39,107.39,37.51,103.3,36.49,100.48
2000-01,,32,39.39,108.11,38.15,104.72,37.09,101.81
2000-02,,30,39.88,109.14,38.8,106.17,37.61,102.92
2000-03,,29,40.17,109.63,39.4,107.51,37.95,103.57
2000-04,,28,40.2,109.43,39.95,108.74,38.2,103.98
2000-05,,29,39.98,108.57,40.41,109.72,38.43,104.36
2000-06,,27,39.56,107.2,40.72,110.34,38.68,104.81
2000-07,,26,38.99,105.46,40.86,110.5,39,105.49
2000-08,,28,38.32,103.47,40.81,110.18,39.4,106.39
2000-09,,28,37.58,101.32,40.59,109.43,39.86,107.45
2000-10,,23,36.84,99.19,40.18,108.17,40.37,108.69
2000-11,,17,36.19,97.3,39.61,106.5,40.88,109.92
2000-12,,16,35.68,95.82,38.98,104.68,41.3,110.91
2001-01,,10,35.31,94.72,38.31,102.77,41.54,111.44
2001-02,,10,34.97,93.71,37.64,100.85,41.59,111.44
2001-03,,10,34.61,92.62,36.93,98.84,41.46,110.95
2001-04,,9,34.23,91.49,36.22,96.83,41.18,110.08
2001-05,,9,33.87,90.43,35.57,94.96,40.78,108.87
2001-06,,9,33.59,89.55,35.03,93.37,40.27,107.34
2001-07,,9,33.48,89.11,34.59,92.06,39.64,105.5
2001-08,,11,33.61,89.27,34.34,91.22,38.96,103.5
2001-09,,9,33.99,90.1,34.3,90.93,38.28,101.47
2001-10,,9,34.66,91.64,34.52,91.29,37.67,99.62
2001-11,,10,35.55,93.76,34.9,92.04,37.18,98.05
2001-12,,15,36.56,96.15,35.42,93.15,36.81,96.82
2002-01,,15,37.55,98.45,36.07,94.57,36.59,95.93
2002-02,,15,38.44,100.43,36.83,96.23,36.46,95.26
2002-03,,20,39.16,101.93,37.59,97.84,36.41,94.78
2002-04,,26,39.66,102.85,38.23,99.12,36.44,94.48
2002-05,,25,39.94,103.13,38.7,99.92,36.55,94.37
2002-06,,25,40,102.83,38.98,100.21,36.68,94.31
2002-07,,29,39.92,102.15,39.16,100.2,36.84,94.26
2002-08,,24,39.74,101.21,39.28,100.04,37,94.23
2002-09,,29,39.55,100.2,39.41,99.84,37.18,94.21
2002-10,,23,39.35,99.18,39.54,99.66,37.38,94.21
2002-11,,26,39.17,98.19,39.67,99.45,37.58,94.22
2002-12,,24,39.03,97.29,39.76,99.13,37.81,94.27
2003-01,,20,38.94,96.51,39.8,98.65,38.07,94.36
2003-02,,22,38.93,95.92,39.75,97.95,38.39,94.6
2003-03,,17,39.06,95.67,39.67,97.17,38.71,94.81
2003-04,,14,39.39,95.9,39.66,96.55,38.97,94.87
2003-05,,14,40.04,96.86,39.82,96.33,39.17,94.75
2003-06,,20,40.95,98.43,40.23,96.7,39.27,94.39
2003-07,,24,41.99,100.29,40.88,97.64,39.31,93.89
2003-08,,26,43.02,102.08,41.7,98.95,39.33,93.33
2003-09,,29,43.92,103.55,42.58,100.39,39.35,92.76
2003-10,,31,44.65,104.57,43.46,101.8,39.41,92.31
2003-11,,30,45.21,105.21,44.28,103.04,39.58,92.1
2003-12,,34,45.7,105.66,44.97,103.97,39.9,92.24
2004-01,,35,46.19,106.11,45.47,104.45,40.36,92.72
2004-02,,34,46.61,106.4,45.77,104.48,41.01,93.62
2004-03,,36,46.91,106.41,45.96,104.27,41.79,94.8
2004-04,,37,47.08,106.14,46.11,103.97,42.58,96
2004-05,,39,47.14,105.63,46.23,103.6,43.33,97.09
2004-06,,36,47.1,104.92,46.32,103.18,44.03,98.08
2004-07,,35,46.98,104.05,46.37,102.7,44.68,98.96
2004-08,,33,46.82,103.1,46.42,102.21,45.32,99.81
2004-09,,32,46.66,102.18,46.48,101.78,45.97,100.67
2004-10,,29,46.51,101.29,46.53,101.33,46.64,101.57
2004-11,,28,46.38,100.46,46.56,100.86,47.32,102.51
2004-12,,26,46.29,99.74,46.62,100.44,47.93,103.28
2005-01,,23,46.25,99.14,46.68,100.06,48.38,103.71
2005-02,,23,46.29,98.72,46.78,99.76,48.61,103.67
2005-03,,22,46.44,98.56,46.91,99.56,48.7,103.35
2005-04,,20,46.71,98.65,47.05,99.37,48.71,102.87
2005-05,,18,47.08,98.95,47.2,99.2,48.69,102.33
2005-06,,20,47.52,99.43,47.37,99.11,48.65,101.79
2005-07,,19,47.99,99.95,47.64,99.22,48.65,101.32
2005-08,,23,48.41,100.37,48.05,99.63,48.7,100.98
2005-09,,23,48.71,100.56,48.55,100.22,48.82,100.79
2005-10,,24,48.9,100.52,49.05,100.83,49.01,100.75
2005-11,,24,49.05,100.41,49.52,101.38,49.27,100.87
2005-12,,27,49.2,100.31,49.91,101.76,49.6,101.13
2006-01,,28,49.42,100.37,50.19,101.94,49.94,101.43
2006-02,,28,49.75,100.66,50.37,101.92,50.3,101.77
2006-03,,23,50.05,100.89,50.46,101.72,50.64,102.1
2006-04,,23,50.33,101.1,50.48,101.42,50.97,102.39
2006-05,,24,50.61,101.32,50.48,101.06,51.23,102.57
2006-06,,21,50.89,101.55,50.46,100.69,51.41,102.58
2006-07,,21,51.15,101.75,50.4,100.25,51.54,102.51
2006-08,,22,51.38,101.9,50.41,99.97,51.66,102.45
2006-09,,22,51.59,102.02,50.46,99.78,51.82,102.48
2006-10,,20,51.76,102.07,50.59,99.75,52.04,102.62
2006-11,,21,51.93,102.14,50.78,99.87,52.28,102.83
2006-12,,16,52.14,102.29,50.99,100.04,52.55,103.11
2007-01,,18,52.4,102.58,51.25,100.31,52.82,103.4
2007-02,,19,52.75,103.03,51.56,100.7,53.05,103.62
2007-03,,23,53.18,103.65,51.93,101.22,53.21,103.72
2007-04,,18,53.71,104.5,52.37,101.89,53.33,103.76
2007-05,,20,54.29,105.45,52.9,102.75,53.43,103.78
2007-06,,25,54.84,106.35,53.46,103.68,53.53,103.82
2007-07,,30,55.27,107.05,54.07,104.73,53.57,103.75
2007-08,,30,55.52,107.41,54.68,105.79,53.57,103.64
2007-09,,32,55.58,107.42,55.29,106.85,53.54,103.48
2007-10,,32,55.46,107.1,55.9,107.95,53.55,103.41
2007-11,,28,55.2,106.52,56.48,108.99,53.67,103.58
2007-12,,29,54.86,105.82,56.99,109.94,53.94,104.04
2008-01,,29,54.54,105.16,57.42,110.71,54.34,104.79
2008-02,,27,54.27,104.61,57.67,111.17,54.86,105.76
2008-03,,26,54.02,104.11,57.74,111.29,55.47,106.9
2008-04,,27,53.67,103.41,57.61,111.01,56.19,108.28
2008-05,,22,53.07,102.24,57.14,110.07,57.01,109.82
2008-06,,20,52.13,100.41,56.22,108.27,57.83,111.38
2008-07,,16,50.84,97.88,54.76,105.42,58.56,112.74
2008-08,,18,49.23,94.73,52.79,101.57,59.06,113.65
2008-09,,12,47.39,91.1,50.19,96.49,59.22,113.86
2008-10,,12,45.54,87.44,47.1,90.44,58.92,113.14
2008-11,,11,44.07,84.49,43.95,84.28,58.05,111.3
2008-12,,9,43.34,82.94,41.45,79.33,56.55,108.22
2009-01,,9,43.61,83.25,40.09,76.53,54.56,104.16
2009-02,,10,44.71,85.1,39.96,76.06,52.42,99.77
2009-03,,10,46.37,87.96,40.77,77.33,50.36,95.53
2009-04,,11,48.3,91.25,42.31,79.93,48.57,91.75
2009-05,,12,50.28,94.56,44.29,83.29,47.13,88.64
2009-06,,17,52.16,97.61,46.5,87.02,46.09,86.25
2009-07,,18,53.85,100.22,48.68,90.6,45.52,84.71
2009-08,,18,55.33,102.37,50.67,93.75,45.41,84.01
2009-09,,20,56.58,104.03,52.48,96.48,45.71,84.04
2009-10,,26,57.62,105.24,54.06,98.73,46.32,84.59
2009-11,,37,58.47,106.06,55.46,100.6,47.12,85.48
2009-12,,37,59.13,106.49,56.76,102.22,48.06,86.57
2010-01,,38,59.6,106.58,57.94,103.6,49.08,87.75
2010-02,,38,59.98,106.47,59.02,104.76,50.11,88.96
2010-03,,39,60.33,106.3,59.94,105.61,51.19,90.2
2010-04,,39,60.67,106.11,60.7,106.16,52.29,91.45
2010-05,,37,60.99,105.89,61.33,106.48,53.42,92.74
2010-06,,37,61.34,105.71,61.88,106.64,54.52,93.96
2010-07,,38,61.76,105.68,62.38,106.73,55.53,95.02
2010-08,,38,62.27,105.79,62.87,106.81,56.44,95.89
2010-09,,37,62.83,106.02,63.41,106.99,57.27,96.63
2010-10,,34,63.38,106.22,64,107.27,58.05,97.29
2010-11,,32,63.89,106.38,64.62,107.61,58.86,98.01
2010-12,,34,64.31,106.42,65.19,107.87,59.74,98.85
2011-01,,34,64.61,106.27,65.59,107.89,60.72,99.87
2011-02,,34,64.8,105.97,65.82,107.62,61.76,100.99
2011-03,,31,64.86,105.47,65.83,107.06,62.79,102.11
2011-04,,29,64.78,104.78,65.66,106.2,63.78,103.17
2011-05,,27,64.6,103.96,65.35,105.16,64.67,104.08
2011-06,,25,64.32,103,64.95,104.01,65.43,104.79
2011-07,,23,63.93,101.9,64.49,102.8,66.06,105.3
2011-08,,20,63.44,100.67,64.02,101.6,66.51,105.55
2011-09,,21,62.95,99.47,63.58,100.47,66.77,105.51
2011-10,,19,62.61,98.52,63.25,99.52,66.87,105.23
2011-11,,16,62.55,98.03,63.05,98.81,66.88,104.82
2011-12,,14,62.82,98.09,63.02,98.4,66.81,104.31
2012-01,,13,63.4,98.62,63.2,98.31,66.69,103.74
2012-02,,15,63.98,99.16,63.54,98.47,66.61,103.22
2012-03,,14,64.4,99.44,64.01,98.85,66.65,102.92
2012-04,,14,64.64,99.47,64.39,99.09,66.77,102.75
2012-05,,15,64.76,99.31,64.64,99.13,66.9,102.6
2012-06,,15,64.8,99.05,64.75,98.97,66.99,102.39
2012-07,,16,64.82,98.75,64.84,98.77,67.02,102.09
2012-08,,15,64.86,98.48,64.91,98.55,67.07,101.83
2012-09,,20,64.97,98.33,64.99,98.35,67.14,101.61
2012-10,,19,65.19,98.34,65.1,98.21,67.24,101.43
2012-11,,21,65.57,98.6,65.27,98.15,67.39,101.33
2012-12,,22,66.1,99.08,65.56,98.28,67.6,101.33
2013-01,,19,66.71,99.67,66,98.62,67.83,101.35
2013-02,,20,67.35,100.31,66.47,99,68.12,101.47
2013-03,,18,67.95,100.9,66.95,99.42,68.37,101.52
2013-04,,17,68.48,101.36,67.43,99.81,68.54,101.45
2013-05,,19,68.86,101.61,67.85,100.12,68.6,101.23
2013-06,,23,69.13,101.7,68.14,100.24,68.6,100.92
2013-07,,20,69.34,101.68,68.25,100.09,68.61,100.62
2013-08,,20,69.52,101.65,68.31,99.88,68.68,100.42
2013-09,,20,69.79,101.73,68.4,99.72,68.79,100.28
2013-10,,21,70.19,102.01,68.58,99.67,68.91,100.15
2013-11,,21,70.71,102.48,68.86,99.79,69,99.99
2013-12,,24,71.33,103.08,69.23,100.04,69.08,99.82
2014-01,,22,72.01,103.77,69.66,100.38,69.17,99.67
2014-02,,25,72.59,104.31,70.2,100.89,69.36,99.67
2014-03,,25,73.02,104.65,70.81,101.48,69.66,99.84
2014-04,,29,73.29,104.76,71.42,102.1,70.02,100.1
2014-05,,24,73.39,104.66,71.99,102.65,70.39,100.37
2014-06,,26,73.35,104.35,72.47,103.1,70.68,100.55
2014-07,,27,73.24,103.95,72.85,103.4,70.95,100.7
2014-08,,29,73.05,103.45,73.15,103.59,71.16,100.77
2014-09,,27,72.81,102.89,73.33,103.62,71.36,100.84
2014-10,,24,72.61,102.4,73.43,103.57,71.63,101.03
2014-11,,25,72.51,102.07,73.49,103.45,71.98,101.32
2014-12,,22,72.52,101.9,73.47,103.23,72.36,101.68
2015-01,,23,72.56,101.77,73.39,102.95,72.79,102.1
2015-02,,24,72.54,101.58,73.21,102.52,73.22,102.52
2015-03,,22,72.46,101.3,72.9,101.91,73.6,102.9
2015-04,,16,72.36,101,72.49,101.17,73.94,103.2
2015-05,,18,72.27,100.71,72,100.34,74.19,103.39
2015-06,,16,72.17,100.42,71.47,99.45,74.35,103.45
2015-07,,14,72.04,100.07,70.95,98.56,74.41,103.36
2015-08,,14,71.9,99.73,70.45,97.71,74.32,103.07
2015-09,,14,71.79,99.4,70.06,97.01,74.12,102.62
2015-10,,15,71.72,99.14,69.83,96.52,73.87,102.1
2015-11,,15,71.7,98.93,69.66,96.11,73.61,101.56
2015-12,,14,71.75,98.81,69.6,95.85,73.34,100.99
2016-01,,14,71.89,98.8,69.7,95.8,73,100.33
2016-02,,16,72.1,98.89,69.99,95.99,72.57,99.54
2016-03,,16,72.41,99.09,70.5,96.48,72.12,98.7
2016-04,,17,72.77,99.37,71.25,97.28,71.69,97.88
2016-05,,20,73.22,99.74,72.09,98.19,71.31,97.14
2016-06,,20,73.73,100.19,72.94,99.11,71.01,96.49
2016-07,,23,74.28,100.68,73.78,99.99,70.81,95.98
2016-08,,25,74.83,101.16,74.55,100.78,70.79,95.7
2016-09,,23,75.35,101.59,75.29,101.51,70.93,95.62
2016-10,,24,75.81,101.91,75.98,102.15,71.23,95.76
2016-11,,26,76.16,102.1,76.41,102.44,71.7,96.12
2016-12,,28,76.48,102.23,76.55,102.32,72.32,96.67
2017-01,,29,76.8,102.36,76.4,101.82,73.03,97.33
2017-02,,28,77.09,102.44,76.12,101.14,73.81,98.07
2017-03,,24,77.33,102.44,75.92,100.58,74.57,98.79
2017-04,,21,77.52,102.37,75.93,100.28,75.23,99.35
2017-05,,20,77.72,102.32,76.19,100.31,75.67,99.62
2017-06,,22,77.97,102.32,76.69,100.65,75.85,99.55
2017-07,,22,78.21,102.31,77.32,101.14,76.02,99.45
2017-08,,25,78.46,102.31,77.97,101.67,76.22,99.38
2017-09,,28,78.7,102.29,78.58,102.13,76.49,99.41
2017-10,,23,78.96,102.29,79.07,102.43,76.87,99.58
2017-11,,23,79.21,102.28,79.47,102.61,77.32,99.84
2017-12,,22,79.42,102.21,79.78,102.66,77.85,100.18
2018-01,,20,79.59,102.07,80,102.61,78.47,100.64
2018-02,,24,79.77,101.97,80.25,102.58,79.12,101.13
2018-03,,23,80.04,101.97,80.51,102.56,79.65,101.47
2018-04,,26,80.39,102.06,80.75,102.52,80.16,101.76
2018-05,,29,80.7,102.1,80.99,102.47,80.64,102.02
2018-06,,22,80.87,101.96,81.15,102.31,81.07,102.21
2018-07,,26,80.89,101.62,81.21,102.03,81.47,102.35
2018-08,,24,80.76,101.1,81.2,101.64,81.81,102.4
2018-09,,22,80.56,100.47,81.07,101.11,82.12,102.42
2018-10,,22,80.35,99.84,80.83,100.43,82.53,102.54
2018-11,,17,80.31,99.4,80.52,99.67,83.1,102.86
2018-12,,16,80.52,99.27,80.25,98.94,83.75,103.26
2019-01,,20,81.03,99.51,80.06,98.32,84.37,103.61
2019-02,,17,81.8,100.04,80.03,97.88,84.84,103.77
2019-03,,20,82.59,100.59,80.23,97.71,85.18,103.74
2019-04,,21,83.26,100.96,80.6,97.74,85.45,103.62
2019-05,,18,83.76,101.12,81.09,97.9,85.7,103.46
2019-06,,21,84.14,101.12,81.63,98.1,85.87,103.2
2019-07,,22,84.42,100.98,82.13,98.24,86,102.87
2019-08,,20,84.66,100.78,82.6,98.33,86.07,102.46
2019-09,,19,84.86,100.52,83.03,98.36,86.1,102
2019-10,,19,84.92,100.1,83.42,98.33,86.1,101.49
2019-11,,24,84.81,99.46,83.74,98.21,86.14,101.02
2019-12,,27,84.48,98.56,83.89,97.87,86.2,100.57
2020-01,,25,84.02,97.51,83.79,97.24,86.28,100.13
2020-02,,24,83.59,96.49,83.5,96.39,86.34,99.67
2020-03,,20,83.46,95.82,83.18,95.5,86.35,99.14
2020-04,,19,84.03,95.95,82.99,94.76,86.36,98.61
2020-05,,19,85.31,96.89,83.2,94.48,86.4,98.12
2020-06,,19,87.06,98.33,83.9,94.76,86.46,97.66
2020-07,,21,88.95,99.92,85.07,95.56,86.49,97.15
2020-08,,26,90.81,101.45,86.58,96.72,86.5,96.63
2020-09,,27,92.5,102.79,88.24,98.05,86.54,96.16
2020-10,,28,93.96,103.85,89.97,99.44,86.68,95.81
2020-11,,30,95.09,104.57,91.66,100.8,86.95,95.61
2020-12,,34,95.87,104.91,93.19,101.98,87.32,95.55
2021-01,,37,96.34,104.92,94.52,102.94,87.79,95.61
2021-02,,40,96.57,104.7,95.6,103.65,88.29,95.72
2021-03,,40,96.6,104.29,96.41,104.08,88.78,95.85
2021-04,,41,96.55,103.82,97.02,104.32,89.24,95.96
2021-05,,41,96.54,103.42,97.46,104.41,89.7,96.1
2021-06,,40,96.83,103.39,97.82,104.45,90.33,96.45
2021-07,,38,97.55,103.84,98.34,104.69,91.24,97.13
2021-08,,39,98.4,104.48,99.08,105.2,92.29,97.99
2021-09,,38,99.18,105.07,99.97,105.9,93.22,98.75
2021-10,,39,99.75,105.46,100.9,106.68,93.93,99.31
2021-11,,37,99.94,105.5,101.7,107.36,94.39,99.64
2021-12,,38,99.84,105.28,102.3,107.87,94.68,99.83
2022-01,,36,99.55,104.88,102.67,108.17,94.9,99.98
2022-02,,34,99.11,104.38,102.78,108.24,95.2,100.25
2022-03,,31,98.54,103.77,102.57,108,95.69,100.76
2022-04,,28,97.73,102.94,102.05,107.48,96.24,101.37
2022-05,,28,96.71,101.92,101.2,106.65,96.74,101.95
2022-06,,27,95.65,100.88,100.06,105.54,97.11,102.42
2022-07,,24,94.73,100.02,98.64,104.15,97.35,102.79
2022-08,,23,94.03,99.41,96.96,102.5,97.45,103.02
2022-09,,17,93.53,99.02,95.16,100.75,97.43,103.16
2022-10,,18,93.29,98.92,93.39,99.04,97.43,103.32
2022-11,,12,93.34,99.15,91.71,97.42,97.48,103.55
2022-12,,12,93.64,99.64,90.27,96.06,97.53,103.78
2023-01,,11,94.07,100.29,89.1,94.99,97.54,103.98
2023-02,,10,94.31,100.73,88.24,94.25,97.52,104.15
2023-03,,11,94.2,100.79,87.7,93.84,97.4,104.22
2023-04,,11,93.8,100.54,87.49,93.78,97.13,104.11
2023-05,,12,93.26,100.14,87.56,94.02,96.64,103.77
2023-06,,13,92.72,99.73,87.86,94.5,95.9,103.15
2023-07,,15,92.25,99.38,88.33,95.16,94.97,102.31
2023-08,,15,91.8,99.05,88.81,95.82,93.97,101.39
2023-09,,17,91.44,98.81,89.25,96.44,93.05,100.54
2023-10,,16,91.31,98.8,89.59,96.95,92.3,99.88
2023-11,,20,91.39,99.02,89.86,97.36,91.78,99.45
2023-12,,22,91.63,99.41,90.17,97.83,91.42,99.18
2024-01,,27,91.94,99.87,90.6,98.41,91.15,99.01
2024-02,,29,92.29,100.37,91.21,99.2,90.98,98.94
2024-03,,31,92.76,100.99,92.04,100.2,90.88,98.94
2024-04,,35,93.31,101.7,93.01,101.37,90.8,98.97
2024-05,,36,93.87,102.43,94.06,102.63,90.72,98.98
2024-06,,38,94.37,103.08,95.14,103.91,90.62,98.98
2024-07,,35,94.79,103.65,96.19,105.18,90.49,98.94
2024-08,,39,95.1,104.09,97.28,106.47,90.31,98.85
